cultivo,anio,campania,provincia,departamento,rendimiento_kgxha,superficie_sembrada_ha,superficie_cosechada_ha,produccion_tm
girasol,1969,1969/1970,Chaco,12 de Octubre,538,8500,6500,3500
girasol,1969,1969/1970,Chaco,25 de Mayo,839,3500,3100,2600
girasol,1969,1969/1970,Chaco,9 de Julio,704,3500,2700,1900
girasol,1969,1969/1970,Chaco,Almirante Brown,0,200,0,0
girasol,1969,1969/1970,Chaco,Chacabuco,636,3000,2200,1400
girasol,1969,1969/1970,Chaco,Comandante Fernandez,755,6000,5300,4000
girasol,1969,1969/1970,Chaco,Fray Justo Santa Maria de Oro,632,2200,1900,1200
girasol,1969,1969/1970,Chaco,General Belgrano,611,2500,1800,1100
girasol,1969,1969/1970,Chaco,General Güemes,636,2800,2200,1400
girasol,1969,1969/1970,Chaco,Independencia,744,2500,2150,1600
girasol,1969,1969/1970,Chaco,Libertad,778,200,180,140
girasol,1969,1969/1970,Chaco,Libertador General San Martin,933,1600,1500,1400
girasol,1969,1969/1970,Chaco,Maipu,1092,7000,6500,7100
girasol,1969,1969/1970,Chaco,Mayor Luis J. Fontana,650,2500,2000,1300
girasol,1969,1969/1970,Chaco,O'Higgins,742,3500,3100,2300
girasol,1969,1969/1970,Chaco,Presidencia de la Plaza,767,500,430,330
girasol,1969,1969/1970,Chaco,Quitilipi,922,6500,6000,5530
girasol,1969,1969/1970,Chaco,San Fernando,857,800,700,600
girasol,1969,1969/1970,Chaco,San Lorenzo,727,2500,2200,1600
girasol,1969,1969/1970,Chaco,Sargento Cabral,909,500,440,400
girasol,1970,1970/1971,Chaco,1 de Mayo,667,150,150,100
girasol,1970,1970/1971,Chaco,12 de Octubre,471,12500,8500,4000
girasol,1970,1970/1971,Chaco,25 de Mayo,597,9500,6200,3700
girasol,1970,1970/1971,Chaco,9 de Julio,465,6500,4300,2000
girasol,1970,1970/1971,Chaco,Almirante Brown,444,1500,900,400
girasol,1970,1970/1971,Chaco,Chacabuco,444,7000,4500,2000
girasol,1970,1970/1971,Chaco,Comandante Fernandez,533,21000,15000,8000
girasol,1970,1970/1971,Chaco,Fray Justo Santa Maria de Oro,500,10000,6000,3000
girasol,1970,1970/1971,Chaco,General Belgrano,482,8000,5600,2700
girasol,1970,1970/1971,Chaco,General Donovan,750,200,200,150
girasol,1970,1970/1971,Chaco,General Güemes,341,6800,4100,1400
girasol,1970,1970/1971,Chaco,Independencia,475,6000,4000,1900
girasol,1970,1970/1971,Chaco,Libertad,667,300,300,200
girasol,1970,1970/1971,Chaco,Libertador General San Martin,1000,6000,5500,5500
girasol,1970,1970/1971,Chaco,Maipu,455,18000,11000,5000
girasol,1970,1970/1971,Chaco,Mayor Luis J. Fontana,567,9000,6000,3400
girasol,1970,1970/1971,Chaco,O'Higgins,457,7000,4600,2100
girasol,1970,1970/1971,Chaco,Presidencia de la Plaza,481,1500,1350,650
girasol,1970,1970/1971,Chaco,Quitilipi,545,16500,11000,6000
girasol,1970,1970/1971,Chaco,San Fernando,700,1500,1500,1050
girasol,1970,1970/1971,Chaco,San Lorenzo,452,3000,2100,950
girasol,1970,1970/1971,Chaco,Sargento Cabral,800,1500,1500,1200
girasol,1971,1971/1972,Chaco,1 de Mayo,800,50,50,40
girasol,1971,1971/1972,Chaco,12 de Octubre,432,13000,12500,5400
girasol,1971,1971/1972,Chaco,25 de Mayo,633,10000,9800,6200
girasol,1971,1971/1972,Chaco,9 de Julio,440,6000,5000,2200
girasol,1971,1971/1972,Chaco,Almirante Brown,444,1000,900,400
girasol,1971,1971/1972,Chaco,Chacabuco,435,7500,6200,2700
girasol,1971,1971/1972,Chaco,Comandante Fernandez,657,22000,21000,13800
girasol,1971,1971/1972,Chaco,Fray Justo Santa Maria de Oro,435,9000,8500,3700
girasol,1971,1971/1972,Chaco,General Belgrano,453,7000,6400,2900
girasol,1971,1971/1972,Chaco,General Donovan,867,300,300,260
girasol,1971,1971/1972,Chaco,General Güemes,750,6000,6000,4500
girasol,1971,1971/1972,Chaco,Independencia,605,6500,2200,1330
girasol,1971,1971/1972,Chaco,Libertad,960,250,250,240
girasol,1971,1971/1972,Chaco,Libertador General San Martin,892,6500,6500,5800
girasol,1971,1971/1972,Chaco,Maipu,664,19000,14300,9500
girasol,1971,1971/1972,Chaco,Mayor Luis J. Fontana,462,8500,6600,3050
girasol,1971,1971/1972,Chaco,O'Higgins,507,7500,7500,3800
girasol,1971,1971/1972,Chaco,Presidencia de la Plaza,567,1500,1500,850
girasol,1971,1971/1972,Chaco,Quitilipi,636,17000,16500,10500
girasol,1971,1971/1972,Chaco,San Fernando,1013,1600,1600,1620
girasol,1971,1971/1972,Chaco,San Lorenzo,491,3500,3300,1620
girasol,1971,1971/1972,Chaco,Sargento Cabral,676,1800,1760,1190
girasol,1972,1972/1973,Chaco,1 de Mayo,650,100,100,65
girasol,1972,1972/1973,Chaco,12 de Octubre,623,15000,13800,8600
girasol,1972,1972/1973,Chaco,25 de Mayo,650,12000,12000,7800
girasol,1972,1972/1973,Chaco,9 de Julio,844,7000,6400,5400
girasol,1972,1972/1973,Chaco,Almirante Brown,600,2450,2450,1470
girasol,1972,1972/1973,Chaco,Bermejo,750,200,200,150
girasol,1972,1972/1973,Chaco,Chacabuco,765,9000,8150,6235
girasol,1972,1972/1973,Chaco,Comandante Fernandez,661,26000,24200,16000
girasol,1972,1972/1973,Chaco,Fray Justo Santa Maria de Oro,719,11500,8900,6400
girasol,1972,1972/1973,Chaco,General Belgrano,706,8500,8500,6000
girasol,1972,1972/1973,Chaco,General Donovan,686,350,350,240
girasol,1972,1972/1973,Chaco,General Güemes,646,6500,6500,4200
girasol,1972,1972/1973,Chaco,Independencia,661,8000,7570,5000
girasol,1972,1972/1973,Chaco,Libertad,767,300,300,230
girasol,1972,1972/1973,Chaco,Libertador General San Martin,667,7500,7500,5000
girasol,1972,1972/1973,Chaco,Maipu,698,22000,20500,14300
girasol,1972,1972/1973,Chaco,Mayor Luis J. Fontana,690,12000,8700,6000
girasol,1972,1972/1973,Chaco,O'Higgins,672,8800,6700,4500
girasol,1972,1972/1973,Chaco,Presidencia de la Plaza,656,1600,1600,1050
girasol,1972,1972/1973,Chaco,Quitilipi,675,21000,20450,13800
girasol,1972,1972/1973,Chaco,San Fernando,875,2200,800,700
girasol,1972,1972/1973,Chaco,San Lorenzo,579,4000,1900,1100
girasol,1972,1972/1973,Chaco,Sargento Cabral,724,3000,2430,1760
girasol,1973,1973/1974,Chaco,1 de Mayo,800,50,50,40
girasol,1973,1973/1974,Chaco,12 de Octubre,460,8000,5000,2300
girasol,1973,1973/1974,Chaco,25 de Mayo,625,10000,8000,5000
girasol,1973,1973/1974,Chaco,9 de Julio,926,7000,5400,5000
girasol,1973,1973/1974,Chaco,Almirante Brown,947,2000,1900,1800
girasol,1973,1973/1974,Chaco,Bermejo,800,100,100,80
girasol,1973,1973/1974,Chaco,Chacabuco,875,13000,8000,7000
girasol,1973,1973/1974,Chaco,Comandante Fernandez,1263,23000,19000,24000
girasol,1973,1973/1974,Chaco,Fray Justo Santa Maria de Oro,450,5000,2000,900
girasol,1973,1973/1974,Chaco,General Belgrano,909,8000,5500,5000
girasol,1973,1973/1974,Chaco,General Donovan,1000,250,250,250
girasol,1973,1973/1974,Chaco,General Güemes,1324,7000,6800,9000
girasol,1973,1973/1974,Chaco,Independencia,857,5000,3500,3000
girasol,1973,1973/1974,Chaco,Libertad,1000,200,200,200
girasol,1973,1973/1974,Chaco,Libertador General San Martin,1263,2000,1900,2400
girasol,1973,1973/1974,Chaco,Maipu,1238,23000,21000,26000
girasol,1973,1973/1974,Chaco,Mayor Luis J. Fontana,450,6000,2000,900
girasol,1973,1973/1974,Chaco,O'Higgins,533,3000,1500,800
girasol,1973,1973/1974,Chaco,Presidencia de la Plaza,625,1100,800,500
girasol,1973,1973/1974,Chaco,Quitilipi,802,17000,14000,11230
girasol,1973,1973/1974,Chaco,San Fernando,571,1000,700,400
girasol,1973,1973/1974,Chaco,San Lorenzo,400,2000,1000,400
girasol,1973,1973/1974,Chaco,Sargento Cabral,1273,2500,2200,2800
girasol,1974,1974/1975,Chaco,12 de Octubre,912,16000,14800,13500
girasol,1974,1974/1975,Chaco,25 de Mayo,800,10000,10000,8000
girasol,1974,1974/1975,Chaco,9 de Julio,843,7500,7000,5900
girasol,1974,1974/1975,Chaco,Almirante Brown,769,1500,1300,1000
girasol,1974,1974/1975,Chaco,Bermejo,800,100,100,80
girasol,1974,1974/1975,Chaco,Chacabuco,942,15000,13800,13000
girasol,1974,1974/1975,Chaco,Comandante Fernandez,891,24000,23000,20500
girasol,1974,1974/1975,Chaco,Fray Justo Santa Maria de Oro,872,12000,10900,9500
girasol,1974,1974/1975,Chaco,General Belgrano,824,9000,8500,7000
girasol,1974,1974/1975,Chaco,General Donovan,800,200,200,160
girasol,1974,1974/1975,Chaco,General Güemes,473,7000,5500,2600
girasol,1974,1974/1975,Chaco,Independencia,861,4200,3600,3100
girasol,1974,1974/1975,Chaco,Libertad,800,200,200,160
girasol,1974,1974/1975,Chaco,Libertador General San Martin,1033,3000,3000,3100
girasol,1974,1974/1975,Chaco,Maipu,800,22000,20000,16000
girasol,1974,1974/1975,Chaco,Mayor Luis J. Fontana,845,6500,5800,4900
girasol,1974,1974/1975,Chaco,O'Higgins,677,3500,3100,2100
girasol,1974,1974/1975,Chaco,Presidencia de la Plaza,700,1000,1000,700
girasol,1974,1974/1975,Chaco,Quitilipi,889,18000,18000,16000
girasol,1974,1974/1975,Chaco,San Fernando,1000,2000,2000,2000
girasol,1974,1974/1975,Chaco,San Lorenzo,704,3000,2700,1900
girasol,1974,1974/1975,Chaco,Sargento Cabral,867,1700,1500,1300
girasol,1975,1975/1976,Chaco,12 de Octubre,1458,26000,24000,35000
girasol,1975,1975/1976,Chaco,25 de Mayo,708,15000,13000,9200
girasol,1975,1975/1976,Chaco,9 de Julio,776,10500,9800,7600
girasol,1975,1975/1976,Chaco,Almirante Brown,800,2500,2500,2000
girasol,1975,1975/1976,Chaco,Bermejo,711,600,450,320
girasol,1975,1975/1976,Chaco,Chacabuco,1070,25000,21500,23000
girasol,1975,1975/1976,Chaco,Comandante Fernandez,739,27000,23000,17000
girasol,1975,1975/1976,Chaco,Fray Justo Santa Maria de Oro,1309,14950,9490,12420
girasol,1975,1975/1976,Chaco,General Belgrano,769,14000,13000,10000
girasol,1975,1975/1976,Chaco,General Donovan,800,250,225,180
girasol,1975,1975/1976,Chaco,General Güemes,714,12000,9800,7000
girasol,1975,1975/1976,Chaco,Independencia,867,8000,7500,6500
girasol,1975,1975/1976,Chaco,Libertad,703,200,185,130
girasol,1975,1975/1976,Chaco,Libertador General San Martin,714,5000,4200,3000
girasol,1975,1975/1976,Chaco,Maipu,804,29000,25500,20500
girasol,1975,1975/1976,Chaco,Mayor Luis J. Fontana,864,15000,11000,9500
girasol,1975,1975/1976,Chaco,O'Higgins,745,5000,4700,3500
girasol,1975,1975/1976,Chaco,Presidencia de la Plaza,694,2000,1800,1250
girasol,1975,1975/1976,Chaco,Quitilipi,718,23000,19500,14000
girasol,1975,1975/1976,Chaco,San Fernando,711,2500,2250,1600
girasol,1975,1975/1976,Chaco,San Lorenzo,855,6000,5500,4700
girasol,1975,1975/1976,Chaco,Sargento Cabral,727,2500,2200,1600
girasol,1976,1976/1977,Chaco,12 de Octubre,457,9000,8750,4000
girasol,1976,1976/1977,Chaco,25 de Mayo,416,6000,5650,2350
girasol,1976,1976/1977,Chaco,9 de Julio,467,5000,4500,2100
girasol,1976,1976/1977,Chaco,Almirante Brown,400,1500,1200,480
girasol,1976,1976/1977,Chaco,Bermejo,625,400,400,250
girasol,1976,1976/1977,Chaco,Chacabuco,574,11940,10800,6200
girasol,1976,1976/1977,Chaco,Comandante Fernandez,588,11000,10200,6000
girasol,1976,1976/1977,Chaco,Fray Justo Santa Maria de Oro,442,5000,4750,2100
girasol,1976,1976/1977,Chaco,General Belgrano,476,9000,8400,4000
girasol,1976,1976/1977,Chaco,General Donovan,667,150,150,100
girasol,1976,1976/1977,Chaco,General Güemes,459,2000,1850,850
girasol,1976,1976/1977,Chaco,Independencia,473,6000,5500,2600
girasol,1976,1976/1977,Chaco,Libertad,467,150,150,70
girasol,1976,1976/1977,Chaco,Libertador General San Martin,573,1500,1500,860
girasol,1976,1976/1977,Chaco,Maipu,461,9000,8250,3800
girasol,1976,1976/1977,Chaco,Mayor Luis J. Fontana,451,7000,6650,3000
girasol,1976,1976/1977,Chaco,O'Higgins,429,3000,2800,1200
girasol,1976,1976/1977,Chaco,Presidencia de la Plaza,479,1000,940,450
girasol,1976,1976/1977,Chaco,Quitilipi,439,12000,11400,5000
girasol,1976,1976/1977,Chaco,San Fernando,533,1500,1500,800
girasol,1976,1976/1977,Chaco,San Lorenzo,464,3000,2800,1300
girasol,1976,1976/1977,Chaco,Sargento Cabral,588,800,800,470
girasol,1976,1976/1977,Chaco,Tapenaga,333,60,60,20
girasol,1977,1977/1978,Chaco,1 de Mayo,688,170,160,110
girasol,1977,1977/1978,Chaco,12 de Octubre,574,41000,38300,22000
girasol,1977,1977/1978,Chaco,25 de Mayo,500,5950,5600,2800
girasol,1977,1977/1978,Chaco,9 de Julio,601,17000,15800,9496
girasol,1977,1977/1978,Chaco,Almirante Brown,587,3950,3750,2200
girasol,1977,1977/1978,Chaco,Bermejo,726,650,620,450
girasol,1977,1977/1978,Chaco,Chacabuco,662,30000,28700,19000
girasol,1977,1977/1978,Chaco,Comandante Fernandez,549,9500,9100,5000
girasol,1977,1977/1978,Chaco,Fray Justo Santa Maria de Oro,581,28000,25800,15000
girasol,1977,1977/1978,Chaco,General Belgrano,609,12000,11500,7000
girasol,1977,1977/1978,Chaco,General Donovan,758,350,330,250
girasol,1977,1977/1978,Chaco,General Güemes,364,2950,2750,1000
girasol,1977,1977/1978,Chaco,Independencia,611,9450,9000,5500
girasol,1977,1977/1978,Chaco,Libertad,684,200,190,130
girasol,1977,1977/1978,Chaco,Libertador General San Martin,832,10000,9500,7900
girasol,1977,1977/1978,Chaco,Maipu,525,22850,21500,11289
girasol,1977,1977/1978,Chaco,Mayor Luis J. Fontana,591,25000,23700,14000
girasol,1977,1977/1978,Chaco,O'Higgins,553,5000,4700,2600
girasol,1977,1977/1978,Chaco,Presidencia de la Plaza,596,250,235,140
girasol,1977,1977/1978,Chaco,Quitilipi,484,10000,9300,4500
girasol,1977,1977/1978,Chaco,San Fernando,746,2800,2680,2000
girasol,1977,1977/1978,Chaco,San Lorenzo,529,1800,1700,900
girasol,1977,1977/1978,Chaco,Sargento Cabral,698,1000,960,670
girasol,1977,1977/1978,Chaco,Tapenaga,520,130,125,65
girasol,1978,1978/1979,Chaco,1 de Mayo,400,70,50,20
girasol,1978,1978/1979,Chaco,12 de Octubre,614,37140,29000,17805
girasol,1978,1978/1979,Chaco,25 de Mayo,615,2000,1300,800
girasol,1978,1978/1979,Chaco,9 de Julio,511,11200,4700,2400
girasol,1978,1978/1979,Chaco,Almirante Brown,500,1000,600,300
girasol,1978,1978/1979,Chaco,Bermejo,427,1000,750,320
girasol,1978,1978/1979,Chaco,Chacabuco,500,22000,14000,7000
girasol,1978,1978/1979,Chaco,Comandante Fernandez,433,7000,3000,1300
girasol,1978,1978/1979,Chaco,Fray Justo Santa Maria de Oro,577,18000,13000,7500
girasol,1978,1978/1979,Chaco,General Belgrano,488,7800,4300,2100
girasol,1978,1978/1979,Chaco,General Donovan,475,500,400,190
girasol,1978,1978/1979,Chaco,General Güemes,350,1200,600,210
girasol,1978,1978/1979,Chaco,Independencia,567,5500,3000,1700
girasol,1978,1978/1979,Chaco,Libertad,480,250,250,120
girasol,1978,1978/1979,Chaco,Libertador General San Martin,479,7300,4800,2300
girasol,1978,1978/1979,Chaco,Maipu,375,15500,6940,2600
girasol,1978,1978/1979,Chaco,Mayor Luis J. Fontana,467,20000,15000,7000
girasol,1978,1978/1979,Chaco,O'Higgins,611,2600,1800,1100
girasol,1978,1978/1979,Chaco,Presidencia de la Plaza,500,10,10,5
girasol,1978,1978/1979,Chaco,Quitilipi,622,6700,3700,2300
girasol,1978,1978/1979,Chaco,San Fernando,714,2200,2100,1500
girasol,1978,1978/1979,Chaco,San Lorenzo,700,650,500,350
girasol,1978,1978/1979,Chaco,Sargento Cabral,400,300,200,80
girasol,1978,1978/1979,Chaco,Tapenaga,0,80,0,0
girasol,1979,1979/1980,Chaco,1 de Mayo,800,50,50,40
girasol,1979,1979/1980,Chaco,12 de Octubre,904,44390,44230,40000
girasol,1979,1979/1980,Chaco,25 de Mayo,889,2700,2700,2400
girasol,1979,1979/1980,Chaco,9 de Julio,842,15160,15085,12700
girasol,1979,1979/1980,Chaco,Almirante Brown,900,1500,1500,1350
girasol,1979,1979/1980,Chaco,Bermejo,800,3500,2750,2200
girasol,1979,1979/1980,Chaco,Chacabuco,788,33690,33490,26400
girasol,1979,1979/1980,Chaco,Comandante Fernandez,847,10630,10630,9000
girasol,1979,1979/1980,Chaco,Fray Justo Santa Maria de Oro,915,26680,26455,24200
girasol,1979,1979/1980,Chaco,General Belgrano,882,11570,11570,10200
girasol,1979,1979/1980,Chaco,General Donovan,923,650,650,600
girasol,1979,1979/1980,Chaco,General Güemes,867,1500,1500,1300
girasol,1979,1979/1980,Chaco,Independencia,871,8500,8500,7400
girasol,1979,1979/1980,Chaco,Libertad,778,450,450,350
girasol,1979,1979/1980,Chaco,Libertador General San Martin,1153,15140,15090,17400
girasol,1979,1979/1980,Chaco,Maipu,853,23220,23220,19800
girasol,1979,1979/1980,Chaco,Mayor Luis J. Fontana,986,32470,32470,32000
girasol,1979,1979/1980,Chaco,O'Higgins,809,3500,3460,2800
girasol,1979,1979/1980,Chaco,Presidencia de la Plaza,800,100,100,80
girasol,1979,1979/1980,Chaco,Quitilipi,851,9400,9400,8000
girasol,1979,1979/1980,Chaco,San Fernando,914,3500,3500,3200
girasol,1979,1979/1980,Chaco,San Lorenzo,900,1000,1000,900
girasol,1979,1979/1980,Chaco,Sargento Cabral,1000,600,600,600
girasol,1979,1979/1980,Chaco,Tapenaga,800,100,100,80
girasol,1980,1980/1981,Chaco,12 de Octubre,486,14000,3500,1700
girasol,1980,1980/1981,Chaco,25 de Mayo,625,1200,600,375
girasol,1980,1980/1981,Chaco,9 de Julio,472,3500,1800,850
girasol,1980,1980/1981,Chaco,Bermejo,750,800,600,450
girasol,1980,1980/1981,Chaco,Chacabuco,461,10000,2510,1157
girasol,1980,1980/1981,Chaco,Comandante Fernandez,552,3500,2300,1270
girasol,1980,1980/1981,Chaco,Fray Justo Santa Maria de Oro,500,6000,500,250
girasol,1980,1980/1981,Chaco,General Belgrano,500,4000,2000,1000
girasol,1980,1980/1981,Chaco,General Donovan,750,450,400,300
girasol,1980,1980/1981,Chaco,General Güemes,400,300,50,20
girasol,1980,1980/1981,Chaco,Independencia,700,3000,1500,1050
girasol,1980,1980/1981,Chaco,Libertad,676,200,170,115
girasol,1980,1980/1981,Chaco,Libertador General San Martin,650,2000,800,520
girasol,1980,1980/1981,Chaco,Maipu,375,15000,4000,1500
girasol,1980,1980/1981,Chaco,Mayor Luis J. Fontana,450,7000,2000,900
girasol,1980,1980/1981,Chaco,O'Higgins,571,1000,700,400
girasol,1980,1980/1981,Chaco,Presidencia de la Plaza,500,50,20,10
girasol,1980,1980/1981,Chaco,Quitilipi,605,7500,1900,1150
girasol,1980,1980/1981,Chaco,San Fernando,750,2500,2200,1650
girasol,1980,1980/1981,Chaco,San Lorenzo,453,250,150,68
girasol,1980,1980/1981,Chaco,Sargento Cabral,650,150,100,65
girasol,1981,1981/1982,Chaco,12 de Octubre,1000,5000,4700,4700
girasol,1981,1981/1982,Chaco,25 de Mayo,1077,1300,1300,1400
girasol,1981,1981/1982,Chaco,9 de Julio,1111,4000,3600,4000
girasol,1981,1981/1982,Chaco,Almirante Brown,1100,300,300,330
girasol,1981,1981/1982,Chaco,Bermejo,1000,250,250,250
girasol,1981,1981/1982,Chaco,Chacabuco,1143,12000,10500,12000
girasol,1981,1981/1982,Chaco,Comandante Fernandez,1190,4500,4200,5000
girasol,1981,1981/1982,Chaco,Fray Justo Santa Maria de Oro,1333,1800,1800,2400
girasol,1981,1981/1982,Chaco,General Belgrano,1086,4000,3500,3800
girasol,1981,1981/1982,Chaco,General Donovan,1125,400,400,450
girasol,1981,1981/1982,Chaco,General Güemes,1083,600,600,650
girasol,1981,1981/1982,Chaco,Independencia,1167,3500,3000,3500
girasol,1981,1981/1982,Chaco,Libertad,1100,200,200,220
girasol,1981,1981/1982,Chaco,Libertador General San Martin,1100,8000,8000,8800
girasol,1981,1981/1982,Chaco,Maipu,981,14050,10550,10350
girasol,1981,1981/1982,Chaco,Mayor Luis J. Fontana,1149,8000,7400,8500
girasol,1981,1981/1982,Chaco,O'Higgins,1100,1500,1500,1650
girasol,1981,1981/1982,Chaco,Quitilipi,1161,6000,5600,6500
girasol,1981,1981/1982,Chaco,San Fernando,1143,2800,2800,3200
girasol,1981,1981/1982,Chaco,San Lorenzo,800,3500,2500,2000
girasol,1981,1981/1982,Chaco,Sargento Cabral,1000,300,300,300
girasol,1982,1982/1983,Chaco,12 de Octubre,1388,20000,20000,27750
girasol,1982,1982/1983,Chaco,25 de Mayo,1085,2500,2350,2550
girasol,1982,1982/1983,Chaco,9 de Julio,1343,7000,7000,9400
girasol,1982,1982/1983,Chaco,Almirante Brown,1100,600,600,660
girasol,1982,1982/1983,Chaco,Bermejo,1100,250,200,220
girasol,1982,1982/1983,Chaco,Chacabuco,1412,17000,16500,23300
girasol,1982,1982/1983,Chaco,Comandante Fernandez,1380,7000,7000,9660
girasol,1982,1982/1983,Chaco,Fray Justo Santa Maria de Oro,1230,15000,13700,16850
girasol,1982,1982/1983,Chaco,General Belgrano,1440,5000,5000,7200
girasol,1982,1982/1983,Chaco,General Donovan,1244,450,450,560
girasol,1982,1982/1983,Chaco,General Güemes,1000,2000,2000,2000
girasol,1982,1982/1983,Chaco,Independencia,1446,6500,6500,9400
girasol,1982,1982/1983,Chaco,Libertad,1000,300,300,300
girasol,1982,1982/1983,Chaco,Libertador General San Martin,1096,8000,7300,8000
girasol,1982,1982/1983,Chaco,Maipu,1165,20000,20000,23300
girasol,1982,1982/1983,Chaco,Mayor Luis J. Fontana,1364,23000,22000,30000
girasol,1982,1982/1983,Chaco,O'Higgins,1316,4000,3800,5000
girasol,1982,1982/1983,Chaco,Quitilipi,1109,9500,9200,10200
girasol,1982,1982/1983,Chaco,San Fernando,1110,2200,2100,2330
girasol,1982,1982/1983,Chaco,San Lorenzo,1220,3000,3000,3660
girasol,1982,1982/1983,Chaco,Sargento Cabral,1100,600,600,660
girasol,1983,1983/1984,Chaco,12 de Octubre,930,24850,20400,18970
girasol,1983,1983/1984,Chaco,25 de Mayo,900,1100,1100,990
girasol,1983,1983/1984,Chaco,9 de Julio,889,6000,3700,3290
girasol,1983,1983/1984,Chaco,Chacabuco,900,18000,11000,9900
girasol,1983,1983/1984,Chaco,Comandante Fernandez,900,6000,4500,4050
girasol,1983,1983/1984,Chaco,Fray Justo Santa Maria de Oro,920,14000,13000,11960
girasol,1983,1983/1984,Chaco,General Belgrano,900,2100,2000,1800
girasol,1983,1983/1984,Chaco,General Donovan,800,100,100,80
girasol,1983,1983/1984,Chaco,General Güemes,850,1800,1800,1530
girasol,1983,1983/1984,Chaco,Independencia,920,2800,2500,2300
girasol,1983,1983/1984,Chaco,Libertador General San Martin,920,1500,1500,1380
girasol,1983,1983/1984,Chaco,Maipu,939,16000,10000,9390
girasol,1983,1983/1984,Chaco,Mayor Luis J. Fontana,940,17000,10000,9400
girasol,1983,1983/1984,Chaco,O'Higgins,900,2000,2000,1800
girasol,1983,1983/1984,Chaco,Quitilipi,908,1600,1300,1180
girasol,1983,1983/1984,Chaco,San Fernando,900,500,500,450
girasol,1983,1983/1984,Chaco,San Lorenzo,886,350,350,310
girasol,1983,1983/1984,Chaco,Sargento Cabral,880,300,250,220
girasol,1984,1984/1985,Chaco,12 de Octubre,1305,57000,57000,74400
girasol,1984,1984/1985,Chaco,25 de Mayo,1080,2500,2130,2300
girasol,1984,1984/1985,Chaco,9 de Julio,1133,6000,6000,6800
girasol,1984,1984/1985,Chaco,Almirante Brown,1000,400,400,400
girasol,1984,1984/1985,Chaco,Chacabuco,1050,20000,20000,21000
girasol,1984,1984/1985,Chaco,Comandante Fernandez,1179,14000,14000,16500
girasol,1984,1984/1985,Chaco,Fray Justo Santa Maria de Oro,1286,21000,21000,27000
girasol,1984,1984/1985,Chaco,General Belgrano,1200,4500,4500,5400
girasol,1984,1984/1985,Chaco,General Donovan,1100,150,150,165
girasol,1984,1984/1985,Chaco,General Güemes,1040,2500,2500,2600
girasol,1984,1984/1985,Chaco,Independencia,1219,7000,7000,8530
girasol,1984,1984/1985,Chaco,Libertad,1100,50,50,55
girasol,1984,1984/1985,Chaco,Libertador General San Martin,1233,3000,3000,3700
girasol,1984,1984/1985,Chaco,Maipu,1000,18000,18000,18000
girasol,1984,1984/1985,Chaco,Mayor Luis J. Fontana,1192,26000,26000,31000
girasol,1984,1984/1985,Chaco,O'Higgins,1133,3000,3000,3400
girasol,1984,1984/1985,Chaco,Quitilipi,1106,6000,5970,6600
girasol,1984,1984/1985,Chaco,San Fernando,1063,800,800,850
girasol,1984,1984/1985,Chaco,San Lorenzo,1000,600,600,600
girasol,1984,1984/1985,Chaco,Sargento Cabral,1167,600,600,700
girasol,1985,1985/1986,Chaco,12 de Octubre,1312,65000,65000,85300
girasol,1985,1985/1986,Chaco,25 de Mayo,1088,4000,4000,4350
girasol,1985,1985/1986,Chaco,9 de Julio,1200,11000,11000,13200
girasol,1985,1985/1986,Chaco,Almirante Brown,1000,1000,1000,1000
girasol,1985,1985/1986,Chaco,Chacabuco,1200,30000,30000,36000
girasol,1985,1985/1986,Chaco,Comandante Fernandez,1196,23000,23000,27500
girasol,1985,1985/1986,Chaco,Fray Justo Santa Maria de Oro,1282,20000,19500,25000
girasol,1985,1985/1986,Chaco,General Belgrano,1280,8200,8200,10500
girasol,1985,1985/1986,Chaco,General Donovan,1200,200,200,240
girasol,1985,1985/1986,Chaco,General Güemes,1000,3500,3500,3500
girasol,1985,1985/1986,Chaco,Independencia,1231,13000,13000,16000
girasol,1985,1985/1986,Chaco,Libertad,1100,50,50,55
girasol,1985,1985/1986,Chaco,Libertador General San Martin,1253,4550,4550,5700
girasol,1985,1985/1986,Chaco,Maipu,1178,23000,23000,27100
girasol,1985,1985/1986,Chaco,Mayor Luis J. Fontana,1145,33000,32500,37200
girasol,1985,1985/1986,Chaco,O'Higgins,1143,7000,7000,8000
girasol,1985,1985/1986,Chaco,Presidencia de la Plaza,1200,100,100,120
girasol,1985,1985/1986,Chaco,Quitilipi,1156,9000,9000,10400
girasol,1985,1985/1986,Chaco,San Fernando,1022,1600,1600,1635
girasol,1985,1985/1986,Chaco,San Lorenzo,1077,1300,1300,1400
girasol,1985,1985/1986,Chaco,Sargento Cabral,1200,1500,1500,1800
girasol,1986,1986/1987,Chaco,12 de Octubre,1038,18000,13000,13500
girasol,1986,1986/1987,Chaco,25 de Mayo,714,1000,700,500
girasol,1986,1986/1987,Chaco,9 de Julio,1000,8000,4500,4500
girasol,1986,1986/1987,Chaco,Almirante Brown,1000,200,200,200
girasol,1986,1986/1987,Chaco,Chacabuco,1026,18200,11700,12000
girasol,1986,1986/1987,Chaco,Comandante Fernandez,988,12000,8300,8200
girasol,1986,1986/1987,Chaco,Fray Justo Santa Maria de Oro,1000,8000,3000,3000
girasol,1986,1986/1987,Chaco,General Belgrano,1000,3000,2500,2500
girasol,1986,1986/1987,Chaco,General Donovan,1200,100,100,120
girasol,1986,1986/1987,Chaco,General Güemes,1029,1000,700,720
girasol,1986,1986/1987,Chaco,Independencia,882,4000,3400,3000
girasol,1986,1986/1987,Chaco,Libertador General San Martin,1059,2000,1700,1800
girasol,1986,1986/1987,Chaco,Maipu,1000,9000,8000,8000
girasol,1986,1986/1987,Chaco,Mayor Luis J. Fontana,1105,11000,5700,6300
girasol,1986,1986/1987,Chaco,O'Higgins,857,3000,2100,1800
girasol,1986,1986/1987,Chaco,Presidencia de la Plaza,800,500,400,320
girasol,1986,1986/1987,Chaco,Quitilipi,841,4000,2700,2270
girasol,1986,1986/1987,Chaco,San Fernando,1114,400,350,390
girasol,1986,1986/1987,Chaco,San Lorenzo,857,1000,700,600
girasol,1986,1986/1987,Chaco,Sargento Cabral,1120,300,250,280
girasol,1987,1987/1988,Chaco,12 de Octubre,1500,29000,29000,43500
girasol,1987,1987/1988,Chaco,25 de Mayo,1400,2000,2000,2800
girasol,1987,1987/1988,Chaco,9 de Julio,1440,12500,12500,18000
girasol,1987,1987/1988,Chaco,Almirante Brown,1300,600,600,780
girasol,1987,1987/1988,Chaco,Chacabuco,1558,31000,31000,48300
girasol,1987,1987/1988,Chaco,Comandante Fernandez,1525,20000,20000,30500
girasol,1987,1987/1988,Chaco,Fray Justo Santa Maria de Oro,1299,16400,12700,16500
girasol,1987,1987/1988,Chaco,General Belgrano,1489,4500,4500,6700
girasol,1987,1987/1988,Chaco,General Donovan,1333,150,150,200
girasol,1987,1987/1988,Chaco,General Güemes,1300,1500,1500,1950
girasol,1987,1987/1988,Chaco,Independencia,1462,6500,6500,9500
girasol,1987,1987/1988,Chaco,Libertad,1300,200,200,260
girasol,1987,1987/1988,Chaco,Libertador General San Martin,1429,3500,3500,5000
girasol,1987,1987/1988,Chaco,Maipu,1560,15000,15000,23400
girasol,1987,1987/1988,Chaco,Mayor Luis J. Fontana,1147,22000,15700,18000
girasol,1987,1987/1988,Chaco,O'Higgins,1378,4500,4500,6200
girasol,1987,1987/1988,Chaco,Presidencia de la Plaza,1278,900,900,1150
girasol,1987,1987/1988,Chaco,Quitilipi,1500,7000,7000,10500
girasol,1987,1987/1988,Chaco,San Fernando,1357,700,700,950
girasol,1987,1987/1988,Chaco,San Lorenzo,1333,1500,1500,2000
girasol,1987,1987/1988,Chaco,Sargento Cabral,1473,550,550,810
girasol,1988,1988/1989,Chaco,12 de Octubre,1071,14300,11200,12000
girasol,1988,1988/1989,Chaco,25 de Mayo,941,200,170,160
girasol,1988,1988/1989,Chaco,9 de Julio,1000,6000,5000,5000
girasol,1988,1988/1989,Chaco,Chacabuco,1000,10300,7800,7800
girasol,1988,1988/1989,Chaco,Comandante Fernandez,1250,6000,4000,5000
girasol,1988,1988/1989,Chaco,Fray Justo Santa Maria de Oro,866,4200,3350,2900
girasol,1988,1988/1989,Chaco,General Belgrano,945,3540,2750,2600
girasol,1988,1988/1989,Chaco,General Donovan,867,160,150,130
girasol,1988,1988/1989,Chaco,Independencia,900,500,400,360
girasol,1988,1988/1989,Chaco,Libertador General San Martin,850,300,200,170
girasol,1988,1988/1989,Chaco,Maipu,1000,5000,4000,4000
girasol,1988,1988/1989,Chaco,Mayor Luis J. Fontana,750,5000,4000,3000
girasol,1988,1988/1989,Chaco,O'Higgins,941,2000,1700,1600
girasol,1988,1988/1989,Chaco,Quitilipi,1158,1200,950,1100
girasol,1988,1988/1989,Chaco,San Fernando,1316,2000,1900,2500
girasol,1988,1988/1989,Chaco,San Lorenzo,720,300,250,180
girasol,1989,1989/1990,Chaco,12 de Octubre,983,30000,29500,29000
girasol,1989,1989/1990,Chaco,25 de Mayo,1150,1000,1000,1150
girasol,1989,1989/1990,Chaco,9 de Julio,1100,15000,15000,16500
girasol,1989,1989/1990,Chaco,Almirante Brown,800,500,500,400
girasol,1989,1989/1990,Chaco,Chacabuco,1647,18000,17000,28000
girasol,1989,1989/1990,Chaco,Comandante Fernandez,1400,16000,16000,22400
girasol,1989,1989/1990,Chaco,Fray Justo Santa Maria de Oro,1364,28000,27500,37500
girasol,1989,1989/1990,Chaco,General Belgrano,1118,8000,7600,8500
girasol,1989,1989/1990,Chaco,General Donovan,1000,150,150,150
girasol,1989,1989/1990,Chaco,General Güemes,1000,1000,1000,1000
girasol,1989,1989/1990,Chaco,Independencia,1150,6000,6000,6900
girasol,1989,1989/1990,Chaco,Libertad,1200,150,150,180
girasol,1989,1989/1990,Chaco,Libertador General San Martin,1200,500,500,600
girasol,1989,1989/1990,Chaco,Maipu,1000,8000,8000,8000
girasol,1989,1989/1990,Chaco,Mayor Luis J. Fontana,1219,16000,16000,19500
girasol,1989,1989/1990,Chaco,O'Higgins,1286,8000,7000,9000
girasol,1989,1989/1990,Chaco,Presidencia de la Plaza,1000,300,300,300
girasol,1989,1989/1990,Chaco,Quitilipi,1289,4500,4500,5800
girasol,1989,1989/1990,Chaco,San Fernando,1389,1800,1800,2500
girasol,1989,1989/1990,Chaco,San Lorenzo,1250,2000,2000,2500
girasol,1989,1989/1990,Chaco,Sargento Cabral,1200,100,100,120
girasol,1990,1990/1991,Chaco,12 de Octubre,1369,28000,26000,35600
girasol,1990,1990/1991,Chaco,9 de Julio,1368,12500,9500,13000
girasol,1990,1990/1991,Chaco,Chacabuco,1384,17500,12500,17300
girasol,1990,1990/1991,Chaco,Comandante Fernandez,1387,8500,7500,10400
girasol,1990,1990/1991,Chaco,Fray Justo Santa Maria de Oro,1391,3300,2300,3200
girasol,1990,1990/1991,Chaco,General Belgrano,1375,1600,1600,2200
girasol,1990,1990/1991,Chaco,General Güemes,1333,900,900,1200
girasol,1990,1990/1991,Chaco,Independencia,1371,4000,3500,4800
girasol,1990,1990/1991,Chaco,Libertador General San Martin,1389,1800,1800,2500
girasol,1990,1990/1991,Chaco,Maipu,1385,7000,6500,9000
girasol,1990,1990/1991,Chaco,Mayor Luis J. Fontana,1371,11000,7000,9600
girasol,1990,1990/1991,Chaco,O'Higgins,1333,1400,900,1200
girasol,1990,1990/1991,Chaco,Quitilipi,1389,2300,1800,2500
girasol,1990,1990/1991,Chaco,San Fernando,1400,1500,1500,2100
girasol,1990,1990/1991,Chaco,San Lorenzo,1333,300,300,400
girasol,1991,1991/1992,Chaco,1 de Mayo,1000,100,100,100
girasol,1991,1991/1992,Chaco,12 de Octubre,1250,15600,15600,19500
girasol,1991,1991/1992,Chaco,25 de Mayo,1000,100,100,100
girasol,1991,1991/1992,Chaco,9 de Julio,1250,8000,8000,10000
girasol,1991,1991/1992,Chaco,Almirante Brown,1500,200,200,300
girasol,1991,1991/1992,Chaco,Chacabuco,1248,10500,10500,13100
girasol,1991,1991/1992,Chaco,Comandante Fernandez,1200,5000,5000,6000
girasol,1991,1991/1992,Chaco,Fray Justo Santa Maria de Oro,1250,2000,800,1000
girasol,1991,1991/1992,Chaco,General Belgrano,1286,900,700,900
girasol,1991,1991/1992,Chaco,General Güemes,1500,500,200,300
girasol,1991,1991/1992,Chaco,Independencia,1261,2300,2300,2900
girasol,1991,1991/1992,Chaco,Libertador General San Martin,1300,1000,1000,1300
girasol,1991,1991/1992,Chaco,Maipu,1267,5000,3000,3800
girasol,1991,1991/1992,Chaco,Mayor Luis J. Fontana,1250,6000,6000,7500
girasol,1991,1991/1992,Chaco,O'Higgins,1333,800,300,400
girasol,1991,1991/1992,Chaco,Quitilipi,1300,1500,1000,1300
girasol,1991,1991/1992,Chaco,San Fernando,1250,400,400,500
girasol,1991,1991/1992,Chaco,San Lorenzo,1333,600,300,400
girasol,1992,1992/1993,Chaco,1 de Mayo,1000,200,200,200
girasol,1992,1992/1993,Chaco,12 de Octubre,1949,17700,11800,23000
girasol,1992,1992/1993,Chaco,25 de Mayo,1000,200,200,200
girasol,1992,1992/1993,Chaco,9 de Julio,1703,12300,11100,18900
girasol,1992,1992/1993,Chaco,Almirante Brown,1333,300,300,400
girasol,1992,1992/1993,Chaco,Chacabuco,1500,16200,13200,19800
girasol,1992,1992/1993,Chaco,Comandante Fernandez,1398,7700,6150,8600
girasol,1992,1992/1993,Chaco,Fray Justo Santa Maria de Oro,1526,4300,1900,2900
girasol,1992,1992/1993,Chaco,General Belgrano,1625,1000,800,1300
girasol,1992,1992/1993,Chaco,General Güemes,1200,300,250,300
girasol,1992,1992/1993,Chaco,Independencia,1600,3500,2000,3200
girasol,1992,1992/1993,Chaco,Libertador General San Martin,1333,1300,300,400
girasol,1992,1992/1993,Chaco,Maipu,833,4600,600,500
girasol,1992,1992/1993,Chaco,Mayor Luis J. Fontana,1707,9200,5800,9900
girasol,1992,1992/1993,Chaco,O'Higgins,1213,4450,3050,3700
girasol,1992,1992/1993,Chaco,Quitilipi,1077,1500,1300,1400
girasol,1992,1992/1993,Chaco,San Fernando,1231,650,650,800
girasol,1992,1992/1993,Chaco,San Lorenzo,1000,300,300,300
girasol,1993,1993/1994,Chaco,1 de Mayo,1500,200,200,300
girasol,1993,1993/1994,Chaco,12 de Octubre,1400,3000,2000,2800
girasol,1993,1993/1994,Chaco,25 de Mayo,2000,200,200,400
girasol,1993,1993/1994,Chaco,9 de Julio,1158,6100,5700,6600
girasol,1993,1993/1994,Chaco,Almirante Brown,1500,200,200,300
girasol,1993,1993/1994,Chaco,Chacabuco,1845,7500,7100,13100
girasol,1993,1993/1994,Chaco,Comandante Fernandez,1333,1500,1500,2000
girasol,1993,1993/1994,Chaco,Fray Justo Santa Maria de Oro,1429,1400,1400,2000
girasol,1993,1993/1994,Chaco,General Belgrano,1000,1500,1000,1000
girasol,1993,1993/1994,Chaco,General Donovan,1667,4200,4200,7000
girasol,1993,1993/1994,Chaco,Libertador General San Martin,1000,100,100,100
girasol,1993,1993/1994,Chaco,Maipu,1400,1500,1500,2100
girasol,1993,1993/1994,Chaco,Mayor Luis J. Fontana,1478,4700,4600,6800
girasol,1993,1993/1994,Chaco,O'Higgins,1500,2400,2400,3600
girasol,1993,1993/1994,Chaco,Quitilipi,1667,600,600,1000
girasol,1993,1993/1994,Chaco,San Fernando,1500,400,400,600
girasol,1993,1993/1994,Chaco,San Lorenzo,1500,200,200,300
girasol,1994,1994/1995,Chaco,12 de Octubre,1727,12000,11000,19000
girasol,1994,1994/1995,Chaco,25 de Mayo,1629,5000,3500,5700
girasol,1994,1994/1995,Chaco,9 de Julio,1768,9000,8200,14500
girasol,1994,1994/1995,Chaco,Almirante Brown,1560,500,500,780
girasol,1994,1994/1995,Chaco,Chacabuco,1889,15000,13500,25500
girasol,1994,1994/1995,Chaco,Comandante Fernandez,1600,5000,4000,6400
girasol,1994,1994/1995,Chaco,Fray Justo Santa Maria de Oro,1833,3000,3000,5500
girasol,1994,1994/1995,Chaco,General Belgrano,1944,3500,1800,3500
girasol,1994,1994/1995,Chaco,General Güemes,1600,500,500,800
girasol,1994,1994/1995,Chaco,Independencia,1600,3500,2700,4320
girasol,1994,1994/1995,Chaco,Libertador General San Martin,2222,1500,900,2000
girasol,1994,1994/1995,Chaco,Maipu,1500,3000,3000,4500
girasol,1994,1994/1995,Chaco,Mayor Luis J. Fontana,1737,4500,1900,3300
girasol,1994,1994/1995,Chaco,O'Higgins,1600,4000,2500,4000
girasol,1994,1994/1995,Chaco,Presidencia de la Plaza,1600,500,500,800
girasol,1994,1994/1995,Chaco,Quitilipi,1667,3000,3000,5000
girasol,1994,1994/1995,Chaco,San Fernando,1600,500,500,800
girasol,1994,1994/1995,Chaco,San Lorenzo,1500,1000,1000,1500
girasol,1995,1995/1996,Chaco,12 de Octubre,1855,9800,8300,15400
girasol,1995,1995/1996,Chaco,2 de Abril,1818,2500,2200,4000
girasol,1995,1995/1996,Chaco,25 de Mayo,1350,400,400,540
girasol,1995,1995/1996,Chaco,9 de Julio,1814,7000,6600,11970
girasol,1995,1995/1996,Chaco,Almirante Brown,1080,125,125,135
girasol,1995,1995/1996,Chaco,Chacabuco,1720,11300,10700,18400
girasol,1995,1995/1996,Chaco,Comandante Fernandez,1227,1800,1650,2025
girasol,1995,1995/1996,Chaco,Fray Justo Santa Maria de Oro,1813,1800,1600,2900
girasol,1995,1995/1996,Chaco,General Belgrano,1714,1750,1750,3000
girasol,1995,1995/1996,Chaco,General Güemes,1600,125,125,200
girasol,1995,1995/1996,Chaco,Independencia,1898,1520,1370,2600
girasol,1995,1995/1996,Chaco,Libertador General San Martin,1333,1500,1500,2000
girasol,1995,1995/1996,Chaco,Maipu,1818,880,880,1600
girasol,1995,1995/1996,Chaco,Mayor Luis J. Fontana,1667,2400,2100,3500
girasol,1995,1995/1996,Chaco,O'Higgins,1540,2500,2500,3850
girasol,1995,1995/1996,Chaco,Presidencia de la Plaza,1300,200,200,260
girasol,1995,1995/1996,Chaco,Quitilipi,1450,1200,1200,1740
girasol,1995,1995/1996,Chaco,San Fernando,1400,250,250,350
girasol,1995,1995/1996,Chaco,San Lorenzo,1649,450,450,742
girasol,1996,1996/1997,Chaco,12 de Octubre,1500,12500,11000,16500
girasol,1996,1996/1997,Chaco,25 de Mayo,1500,1000,1000,1500
girasol,1996,1996/1997,Chaco,9 de Julio,1500,9000,9000,13500
girasol,1996,1996/1997,Chaco,Chacabuco,1500,12000,12000,18000
girasol,1996,1996/1997,Chaco,Comandante Fernandez,1500,1000,1000,1500
girasol,1996,1996/1997,Chaco,Fray Justo Santa Maria de Oro,1514,5500,3500,5300
girasol,1996,1996/1997,Chaco,General Belgrano,1500,3000,3000,4500
girasol,1996,1996/1997,Chaco,Independencia,1500,1500,1000,1500
girasol,1996,1996/1997,Chaco,Libertador General San Martin,1533,1500,1500,2300
girasol,1996,1996/1997,Chaco,Maipu,1400,2000,2000,2800
girasol,1996,1996/1997,Chaco,Mayor Luis J. Fontana,1514,4500,3500,5300
girasol,1996,1996/1997,Chaco,O'Higgins,1500,3000,3000,4500
girasol,1996,1996/1997,Chaco,Quitilipi,1533,1500,1500,2300
girasol,1997,1997/1998,Chaco,12 de Octubre,1452,10200,8400,12200
girasol,1997,1997/1998,Chaco,2 de Abril,1393,2800,2800,3900
girasol,1997,1997/1998,Chaco,25 de Mayo,1400,1000,1000,1400
girasol,1997,1997/1998,Chaco,9 de Julio,1544,6800,6800,10500
girasol,1997,1997/1998,Chaco,Almirante Brown,1333,300,300,400
girasol,1997,1997/1998,Chaco,Chacabuco,1396,10800,9600,13400
girasol,1997,1997/1998,Chaco,Comandante Fernandez,1400,4000,4000,5600
girasol,1997,1997/1998,Chaco,Fray Justo Santa Maria de Oro,1286,2800,2800,3600
girasol,1997,1997/1998,Chaco,General Belgrano,1400,2000,2000,2800
girasol,1997,1997/1998,Chaco,Independencia,1381,2100,2100,2900
girasol,1997,1997/1998,Chaco,Libertador General San Martin,1400,1000,1000,1400
girasol,1997,1997/1998,Chaco,Maipu,1400,2000,2000,2800
girasol,1997,1997/1998,Chaco,Mayor Luis J. Fontana,1417,2400,2400,3400
girasol,1997,1997/1998,Chaco,O'Higgins,1417,3000,2400,3400
girasol,1997,1997/1998,Chaco,Presidencia de la Plaza,1250,400,400,500
girasol,1997,1997/1998,Chaco,Quitilipi,1400,2000,2000,2800
girasol,1997,1997/1998,Chaco,San Fernando,1333,300,300,400
girasol,1997,1997/1998,Chaco,San Lorenzo,1500,200,200,300
girasol,1997,1997/1998,Chaco,Sargento Cabral,1500,200,200,300
girasol,1998,1998/1999,Chaco,12 de Octubre,1799,20500,14900,26800
girasol,1998,1998/1999,Chaco,2 de Abril,1855,11000,11000,20400
girasol,1998,1998/1999,Chaco,25 de Mayo,1600,3000,3000,4800
girasol,1998,1998/1999,Chaco,9 de Julio,1855,11000,11000,20400
girasol,1998,1998/1999,Chaco,Almirante Brown,1900,2000,2000,3800
girasol,1998,1998/1999,Chaco,Chacabuco,1850,25000,22600,41800
girasol,1998,1998/1999,Chaco,Comandante Fernandez,1800,15000,15000,27000
girasol,1998,1998/1999,Chaco,Fray Justo Santa Maria de Oro,1709,6000,5500,9400
girasol,1998,1998/1999,Chaco,General Belgrano,1800,8000,8000,14400
girasol,1998,1998/1999,Chaco,General Güemes,1800,2000,2000,3600
girasol,1998,1998/1999,Chaco,Independencia,1850,8000,8000,14800
girasol,1998,1998/1999,Chaco,Libertador General San Martin,1700,3000,3000,5100
girasol,1998,1998/1999,Chaco,Maipu,1800,7000,7000,12600
girasol,1998,1998/1999,Chaco,Mayor Luis J. Fontana,1750,8000,8000,14000
girasol,1998,1998/1999,Chaco,O'Higgins,1700,8000,7000,11900
girasol,1998,1998/1999,Chaco,Presidencia de la Plaza,1600,500,500,800
girasol,1998,1998/1999,Chaco,Quitilipi,1800,9000,9000,16200
girasol,1998,1998/1999,Chaco,San Fernando,1667,600,600,1000
girasol,1998,1998/1999,Chaco,San Lorenzo,1625,800,800,1300
girasol,1998,1998/1999,Chaco,Sargento Cabral,1700,1000,1000,1700
girasol,1999,1999/2000,Chaco,12 de Octubre,1849,29100,29100,53800
girasol,1999,1999/2000,Chaco,2 de Abril,1800,19000,19000,34200
girasol,1999,1999/2000,Chaco,25 de Mayo,1600,2000,2000,3200
girasol,1999,1999/2000,Chaco,9 de Julio,1800,12000,12000,21600
girasol,1999,1999/2000,Chaco,Almirante Brown,1700,1500,1500,2550
girasol,1999,1999/2000,Chaco,Chacabuco,1916,27500,27500,52700
girasol,1999,1999/2000,Chaco,Comandante Fernandez,1732,13800,13800,23900
girasol,1999,1999/2000,Chaco,Fray Justo Santa Maria de Oro,1701,14400,14400,24490
girasol,1999,1999/2000,Chaco,General Belgrano,1856,18000,18000,33400
girasol,1999,1999/2000,Chaco,General Donovan,1500,400,400,600
girasol,1999,1999/2000,Chaco,General Güemes,1500,500,500,750
girasol,1999,1999/2000,Chaco,Independencia,1800,8000,8000,14400
girasol,1999,1999/2000,Chaco,Libertad,1500,400,400,600
girasol,1999,1999/2000,Chaco,Libertador General San Martin,1597,3050,3050,4870
girasol,1999,1999/2000,Chaco,Maipu,1700,9000,9000,15300
girasol,1999,1999/2000,Chaco,Mayor Luis J. Fontana,1800,17000,17000,30600
girasol,1999,1999/2000,Chaco,O'Higgins,1889,9000,9000,17000
girasol,1999,1999/2000,Chaco,Presidencia de la Plaza,1506,850,850,1280
girasol,1999,1999/2000,Chaco,Quitilipi,1703,6400,6400,10900
girasol,1999,1999/2000,Chaco,San Fernando,1500,400,400,600
girasol,1999,1999/2000,Chaco,San Lorenzo,1600,3000,3000,4800
girasol,1999,1999/2000,Chaco,Sargento Cabral,1800,1700,1700,3060
girasol,2000,2000/2001,Chaco,12 de Octubre,1300,16000,16000,20800
girasol,2000,2000/2001,Chaco,2 de Abril,1300,15000,15000,19500
girasol,2000,2000/2001,Chaco,25 de Mayo,1200,1500,1500,1800
girasol,2000,2000/2001,Chaco,9 de Julio,1330,10000,10000,13300
girasol,2000,2000/2001,Chaco,Almirante Brown,1257,700,700,880
girasol,2000,2000/2001,Chaco,Chacabuco,1300,18000,18000,23400
girasol,2000,2000/2001,Chaco,Comandante Fernandez,1280,8000,7500,9600
girasol,2000,2000/2001,Chaco,Fray Justo Santa Maria de Oro,1280,10000,10000,12800
girasol,2000,2000/2001,Chaco,General Belgrano,1300,14500,14500,18850
girasol,2000,2000/2001,Chaco,General Donovan,1333,300,300,400
girasol,2000,2000/2001,Chaco,General Güemes,1200,500,500,600
girasol,2000,2000/2001,Chaco,Independencia,1300,6000,6000,7800
girasol,2000,2000/2001,Chaco,Libertad,1300,300,300,390
girasol,2000,2000/2001,Chaco,Libertador General San Martin,1239,2300,2300,2850
girasol,2000,2000/2001,Chaco,Maipu,1200,7000,7000,8400
girasol,2000,2000/2001,Chaco,Mayor Luis J. Fontana,1250,13000,13000,16250
girasol,2000,2000/2001,Chaco,O'Higgins,1300,7000,5500,7150
girasol,2000,2000/2001,Chaco,Presidencia de la Plaza,1200,500,500,600
girasol,2000,2000/2001,Chaco,Quitilipi,1300,5000,5000,6500
girasol,2000,2000/2001,Chaco,San Fernando,1360,500,500,680
girasol,2000,2000/2001,Chaco,San Lorenzo,1300,2200,1700,2210
girasol,2000,2000/2001,Chaco,Sargento Cabral,1400,1700,1700,2380
girasol,2001,2001/2002,Chaco,12 de Octubre,2000,20000,20000,40000
girasol,2001,2001/2002,Chaco,2 de Abril,2000,15000,15000,30000
girasol,2001,2001/2002,Chaco,25 de Mayo,1800,1500,1500,2700
girasol,2001,2001/2002,Chaco,9 de Julio,2100,12000,12000,25200
girasol,2001,2001/2002,Chaco,Almirante Brown,1900,2700,2700,5130
girasol,2001,2001/2002,Chaco,Chacabuco,2100,21500,21500,45150
girasol,2001,2001/2002,Chaco,Comandante Fernandez,2000,10000,10000,20000
girasol,2001,2001/2002,Chaco,Fray Justo Santa Maria de Oro,1900,8000,8000,15200
girasol,2001,2001/2002,Chaco,General Belgrano,2000,15000,15000,30000
girasol,2001,2001/2002,Chaco,General Donovan,1800,300,300,540
girasol,2001,2001/2002,Chaco,Independencia,2000,10000,10000,20000
girasol,2001,2001/2002,Chaco,Libertad,1700,300,300,510
girasol,2001,2001/2002,Chaco,Libertador General San Martin,1800,2500,2500,4500
girasol,2001,2001/2002,Chaco,Maipu,1700,8000,8000,13600
girasol,2001,2001/2002,Chaco,Mayor Luis J. Fontana,2000,13000,13000,26000
girasol,2001,2001/2002,Chaco,O'Higgins,2000,8000,8000,16000
girasol,2001,2001/2002,Chaco,Presidencia de la Plaza,1600,500,500,800
girasol,2001,2001/2002,Chaco,Quitilipi,2000,7000,7000,14000
girasol,2001,2001/2002,Chaco,San Fernando,1800,500,500,900
girasol,2001,2001/2002,Chaco,San Lorenzo,1900,2200,2200,4180
girasol,2001,2001/2002,Chaco,Sargento Cabral,2000,2000,2000,4000
girasol,2002,2002/2003,Chaco,12 de Octubre,1800,42000,42000,75600
girasol,2002,2002/2003,Chaco,2 de Abril,1800,23000,20300,36540
girasol,2002,2002/2003,Chaco,25 de Mayo,1600,2000,2000,3200
girasol,2002,2002/2003,Chaco,9 de Julio,1800,28000,28000,50400
girasol,2002,2002/2003,Chaco,Almirante Brown,1800,18000,18000,32400
girasol,2002,2002/2003,Chaco,Chacabuco,1780,42000,42000,74760
girasol,2002,2002/2003,Chaco,Comandante Fernandez,1800,22000,22000,39600
girasol,2002,2002/2003,Chaco,Fray Justo Santa Maria de Oro,1495,12000,9500,14200
girasol,2002,2002/2003,Chaco,General Belgrano,1800,23000,23000,41400
girasol,2002,2002/2003,Chaco,General Donovan,1600,500,500,800
girasol,2002,2002/2003,Chaco,Independencia,1800,16000,16000,28800
girasol,2002,2002/2003,Chaco,Libertad,1600,500,500,800
girasol,2002,2002/2003,Chaco,Libertador General San Martin,1600,4000,4000,6400
girasol,2002,2002/2003,Chaco,Maipu,1395,11000,8600,12000
girasol,2002,2002/2003,Chaco,Mayor Luis J. Fontana,1500,20000,18400,27600
girasol,2002,2002/2003,Chaco,O'Higgins,1500,16000,15200,22800
girasol,2002,2002/2003,Chaco,Quitilipi,1700,12000,12000,20400
girasol,2002,2002/2003,Chaco,San Fernando,1600,1000,1000,1600
girasol,2002,2002/2003,Chaco,San Lorenzo,1500,4000,4000,6000
girasol,2002,2002/2003,Chaco,Sargento Cabral,1900,3000,3000,5700
girasol,2003,2003/2004,Chaco,12 de Octubre,1659,25000,25000,41474
girasol,2003,2003/2004,Chaco,2 de Abril,1751,15000,15000,26267
girasol,2003,2003/2004,Chaco,25 de Mayo,1659,2000,2000,3318
girasol,2003,2003/2004,Chaco,9 de Julio,1751,20000,20000,35023
girasol,2003,2003/2004,Chaco,Almirante Brown,1843,23000,23000,42396
girasol,2003,2003/2004,Chaco,Chacabuco,1567,25000,25000,39170
girasol,2003,2003/2004,Chaco,Comandante Fernandez,1843,18000,18000,33179
girasol,2003,2003/2004,Chaco,Fray Justo Santa Maria de Oro,1659,10000,10000,16590
girasol,2003,2003/2004,Chaco,General Belgrano,1751,18000,18000,31520
girasol,2003,2003/2004,Chaco,General Donovan,1752,500,500,876
girasol,2003,2003/2004,Chaco,Independencia,1659,20000,20000,33179
girasol,2003,2003/2004,Chaco,Libertad,1752,500,500,876
girasol,2003,2003/2004,Chaco,Libertador General San Martin,1659,4000,4000,6636
girasol,2003,2003/2004,Chaco,Maipu,1751,13000,13000,22765
girasol,2003,2003/2004,Chaco,Mayor Luis J. Fontana,1659,15000,15000,24885
girasol,2003,2003/2004,Chaco,O'Higgins,1751,18000,18000,31520
girasol,2003,2003/2004,Chaco,Quitilipi,1751,15000,15000,26267
girasol,2003,2003/2004,Chaco,San Fernando,1751,1000,1000,1751
girasol,2003,2003/2004,Chaco,San Lorenzo,1659,4000,4000,6636
girasol,2003,2003/2004,Chaco,Sargento Cabral,1843,3000,3000,5530
girasol,2004,2004/2005,Chaco,12 de Octubre,1246,22000,22000,27420
girasol,2004,2004/2005,Chaco,2 de Abril,1399,15000,15000,20980
girasol,2004,2004/2005,Chaco,25 de Mayo,1110,1000,1000,1110
girasol,2004,2004/2005,Chaco,9 de Julio,1268,17000,17000,21550
girasol,2004,2004/2005,Chaco,Almirante Brown,1228,9000,9000,11050
girasol,2004,2004/2005,Chaco,Chacabuco,1258,20000,20000,25150
girasol,2004,2004/2005,Chaco,Comandante Fernandez,1200,10000,4000,4800
girasol,2004,2004/2005,Chaco,Fray Justo Santa Maria de Oro,1213,8000,8000,9700
girasol,2004,2004/2005,Chaco,General Belgrano,1273,13000,13000,16550
girasol,2004,2004/2005,Chaco,General Donovan,1250,200,200,250
girasol,2004,2004/2005,Chaco,Independencia,1130,10000,6000,6780
girasol,2004,2004/2005,Chaco,Libertad,1217,300,300,365
girasol,2004,2004/2005,Chaco,Libertador General San Martin,1200,2000,2000,2400
girasol,2004,2004/2005,Chaco,Maipu,1114,6000,3500,3900
girasol,2004,2004/2005,Chaco,Mayor Luis J. Fontana,1238,13000,13000,16100
girasol,2004,2004/2005,Chaco,O'Higgins,1236,12500,5500,6800
girasol,2004,2004/2005,Chaco,Quitilipi,1271,7000,7000,8900
girasol,2004,2004/2005,Chaco,San Fernando,1270,500,500,635
girasol,2004,2004/2005,Chaco,San Lorenzo,1167,2000,1500,1750
girasol,2004,2004/2005,Chaco,Sargento Cabral,1300,1500,1500,1950
girasol,2005,2005/2006,Chaco,1 de Mayo,1943,350,350,680
girasol,2005,2005/2006,Chaco,12 de Octubre,2131,41600,38100,81200
girasol,2005,2005/2006,Chaco,2 de Abril,2165,25600,23100,50000
girasol,2005,2005/2006,Chaco,25 de Mayo,2042,2500,2400,4900
girasol,2005,2005/2006,Chaco,9 de Julio,2004,26800,25800,51700
girasol,2005,2005/2006,Chaco,Almirante Brown,2131,21300,18300,39000
girasol,2005,2005/2006,Chaco,Bermejo,2056,180,180,370
girasol,2005,2005/2006,Chaco,Chacabuco,2179,38800,35800,78000
girasol,2005,2005/2006,Chaco,Comandante Fernandez,2029,15400,13900,28200
girasol,2005,2005/2006,Chaco,Fray Justo Santa Maria de Oro,2027,17000,14800,30000
girasol,2005,2005/2006,Chaco,General Belgrano,2201,29000,25900,57000
girasol,2005,2005/2006,Chaco,General Donovan,2200,900,900,1980
girasol,2005,2005/2006,Chaco,General Güemes,2200,1000,500,1100
girasol,2005,2005/2006,Chaco,Independencia,2078,18000,16600,34500
girasol,2005,2005/2006,Chaco,Libertad,2200,900,900,1980
girasol,2005,2005/2006,Chaco,Libertador General San Martin,2206,13600,13600,30000
girasol,2005,2005/2006,Chaco,Maipu,2007,14500,13700,27500
girasol,2005,2005/2006,Chaco,Mayor Luis J. Fontana,2081,32000,31000,64500
girasol,2005,2005/2006,Chaco,O'Higgins,2022,22800,22300,45100
girasol,2005,2005/2006,Chaco,Quitilipi,2100,5800,5000,10500
girasol,2005,2005/2006,Chaco,San Fernando,2000,1700,1700,3400
girasol,2005,2005/2006,Chaco,San Lorenzo,2000,3300,3000,6000
girasol,2005,2005/2006,Chaco,Sargento Cabral,2111,3800,3600,7600
girasol,2006,2006/2007,Chaco,1 de Mayo,1500,600,600,900
girasol,2006,2006/2007,Chaco,12 de Octubre,1600,48000,48000,76800
girasol,2006,2006/2007,Chaco,25 de Mayo,1700,24600,24600,41820
girasol,2006,2006/2007,Chaco,9 de Julio,1800,24000,24000,43200
girasol,2006,2006/2007,Chaco,Almirante Brown,1500,25600,25600,38400
girasol,2006,2006/2007,Chaco,Bermejo,1400,1200,1200,1680
girasol,2006,2006/2007,Chaco,Chacabuco,1600,36900,36900,59040
girasol,2006,2006/2007,Chaco,Comandante Fernandez,1500,17600,17600,26400
girasol,2006,2006/2007,Chaco,Fray Justo Santa Maria de Oro,1700,16400,16400,27880
girasol,2006,2006/2007,Chaco,General Belgrano,1600,29600,29600,47360
girasol,2006,2006/2007,Chaco,General Donovan,1500,1500,1500,2250
girasol,2006,2006/2007,Chaco,General Güemes,1600,4000,4000,6400
girasol,2006,2006/2007,Chaco,Independencia,1600,17600,17600,28160
girasol,2006,2006/2007,Chaco,Libertad,1502,2250,2250,3380
girasol,2006,2006/2007,Chaco,Libertador General San Martin,1700,14580,14580,24790
girasol,2006,2006/2007,Chaco,Maipu,1600,14430,14430,23090
girasol,2006,2006/2007,Chaco,Mayor Luis J. Fontana,1500,31200,31200,46800
girasol,2006,2006/2007,Chaco,O'Higgins,1700,20000,20000,34000
girasol,2006,2006/2007,Chaco,Presidencia de la Plaza,1400,500,500,700
girasol,2006,2006/2007,Chaco,Quitilipi,1600,5670,5670,9070
girasol,2006,2006/2007,Chaco,San Fernando,1900,3600,3600,6840
girasol,2006,2006/2007,Chaco,San Lorenzo,1600,4500,4500,7200
girasol,2006,2006/2007,Chaco,Sargento Cabral,1900,4100,4100,7790
girasol,2006,2006/2007,Chaco,Tapenaga,1600,3600,3600,5760
girasol,2007,2007/2008,Chaco,1 de Mayo,1500,500,500,750
girasol,2007,2007/2008,Chaco,12 de Octubre,1700,45000,45000,76500
girasol,2007,2007/2008,Chaco,2 de Abril,1700,22500,22500,38250
girasol,2007,2007/2008,Chaco,25 de Mayo,1500,3200,3200,4800
girasol,2007,2007/2008,Chaco,9 de Julio,1700,15000,15000,25500
girasol,2007,2007/2008,Chaco,Almirante Brown,1800,6650,6650,11970
girasol,2007,2007/2008,Chaco,Bermejo,1700,400,400,680
girasol,2007,2007/2008,Chaco,Chacabuco,1700,31500,31500,53550
girasol,2007,2007/2008,Chaco,Comandante Fernandez,1500,10500,9000,13500
girasol,2007,2007/2008,Chaco,Fray Justo Santa Maria de Oro,1600,13500,13500,21600
girasol,2007,2007/2008,Chaco,General Belgrano,1700,35000,35000,59500
girasol,2007,2007/2008,Chaco,General Donovan,1500,800,800,1200
girasol,2007,2007/2008,Chaco,General Güemes,1500,3500,3500,5250
girasol,2007,2007/2008,Chaco,Independencia,1700,18750,18750,31880
girasol,2007,2007/2008,Chaco,Libertad,1700,1600,1600,2720
girasol,2007,2007/2008,Chaco,Libertador General San Martin,2200,9000,9000,19800
girasol,2007,2007/2008,Chaco,Maipu,1700,11250,11250,19130
girasol,2007,2007/2008,Chaco,Mayor Luis J. Fontana,1600,28000,28000,44800
girasol,2007,2007/2008,Chaco,O'Higgins,1700,13500,12500,21250
girasol,2007,2007/2008,Chaco,Presidencia de la Plaza,1500,500,500,750
girasol,2007,2007/2008,Chaco,Quitilipi,1600,3500,3500,5600
girasol,2007,2007/2008,Chaco,San Fernando,1600,1500,1500,2400
girasol,2007,2007/2008,Chaco,San Lorenzo,1701,3750,3750,6380
girasol,2007,2007/2008,Chaco,Sargento Cabral,2000,1500,1500,3000
girasol,2008,2008/2009,Chaco,1 de Mayo,1200,1000,1000,1200
girasol,2008,2008/2009,Chaco,12 de Octubre,1100,22000,19800,21780
girasol,2008,2008/2009,Chaco,25 de Mayo,1000,10500,5500,5500
girasol,2008,2008/2009,Chaco,9 de Julio,1100,6000,3200,3520
girasol,2008,2008/2009,Chaco,Almirante Brown,1200,6000,4000,4800
girasol,2008,2008/2009,Chaco,Bermejo,1200,800,800,960
girasol,2008,2008/2009,Chaco,Chacabuco,1000,20000,10000,10000
girasol,2008,2008/2009,Chaco,Comandante Fernandez,1100,7800,7800,8580
girasol,2008,2008/2009,Chaco,Fray Justo Santa Maria de Oro,1200,10000,6500,7800
girasol,2008,2008/2009,Chaco,General Belgrano,1100,15500,10500,11550
girasol,2008,2008/2009,Chaco,General Donovan,1300,1300,1300,1690
girasol,2008,2008/2009,Chaco,General Güemes,1000,2000,1000,1000
girasol,2008,2008/2009,Chaco,Independencia,1100,9000,9000,9900
girasol,2008,2008/2009,Chaco,Libertad,1300,1600,1600,2080
girasol,2008,2008/2009,Chaco,Libertador General San Martin,1000,4000,2000,2000
girasol,2008,2008/2009,Chaco,Maipu,1000,5000,3200,3200
girasol,2008,2008/2009,Chaco,Mayor Luis J. Fontana,1000,10000,7000,7000
girasol,2008,2008/2009,Chaco,O'Higgins,1200,6000,6000,7200
girasol,2008,2008/2009,Chaco,Presidencia de la Plaza,1000,1000,1000,1000
girasol,2008,2008/2009,Chaco,Quitilipi,1100,2500,2500,2750
girasol,2008,2008/2009,Chaco,San Fernando,1100,6500,6500,7150
girasol,2008,2008/2009,Chaco,San Lorenzo,1000,1500,1500,1500
girasol,2008,2008/2009,Chaco,Sargento Cabral,1200,1500,1500,1800
girasol,2008,2008/2009,Chaco,Tapenaga,1000,1500,1500,1500
girasol,2009,2009/2010,Chaco,1 de Mayo,600,700,700,420
girasol,2009,2009/2010,Chaco,12 de Octubre,800,900,900,720
girasol,2009,2009/2010,Chaco,2 de Abril,709,550,550,390
girasol,2009,2009/2010,Chaco,25 de Mayo,1100,1200,1200,1320
girasol,2009,2009/2010,Chaco,9 de Julio,700,3500,3200,2240
girasol,2009,2009/2010,Chaco,Almirante Brown,500,1800,1660,830
girasol,2009,2009/2010,Chaco,Bermejo,706,680,680,480
girasol,2009,2009/2010,Chaco,Chacabuco,599,5600,5240,3140
girasol,2009,2009/2010,Chaco,Comandante Fernandez,600,4000,3750,2250
girasol,2009,2009/2010,Chaco,Fray Justo Santa Maria de Oro,500,3250,3040,1520
girasol,2009,2009/2010,Chaco,General Belgrano,604,530,530,320
girasol,2009,2009/2010,Chaco,General Donovan,504,1500,1350,680
girasol,2009,2009/2010,Chaco,General Güemes,702,2450,2250,1580
girasol,2009,2009/2010,Chaco,Independencia,611,360,360,220
girasol,2009,2009/2010,Chaco,Libertad,600,3000,3000,1800
girasol,2009,2009/2010,Chaco,Libertador General San Martin,1000,9000,9000,9000
girasol,2009,2009/2010,Chaco,Maipu,600,6000,5750,3450
girasol,2009,2009/2010,Chaco,Mayor Luis J. Fontana,501,4050,4050,2030
girasol,2009,2009/2010,Chaco,O'Higgins,602,2100,1910,1150
girasol,2009,2009/2010,Chaco,Quitilipi,800,1400,1400,1120
girasol,2009,2009/2010,Chaco,San Fernando,600,2000,2000,1200
girasol,2009,2009/2010,Chaco,San Lorenzo,600,900,900,540
girasol,2009,2009/2010,Chaco,Sargento Cabral,600,1200,1200,720
girasol,2010,2010/2011,Chaco,1 de Mayo,1700,1700,1700,2890
girasol,2010,2010/2011,Chaco,12 de Octubre,2200,18000,18000,39600
girasol,2010,2010/2011,Chaco,2 de Abril,1900,15000,15000,28500
girasol,2010,2010/2011,Chaco,25 de Mayo,1700,3000,3000,5100
girasol,2010,2010/2011,Chaco,9 de Julio,2400,10000,9700,23280
girasol,2010,2010/2011,Chaco,Almirante Brown,2000,13000,13000,26000
girasol,2010,2010/2011,Chaco,Bermejo,2000,2000,2000,4000
girasol,2010,2010/2011,Chaco,Chacabuco,2500,16000,16000,40000
girasol,2010,2010/2011,Chaco,Comandante Fernandez,2050,6000,6000,12300
girasol,2010,2010/2011,Chaco,Fray Justo Santa Maria de Oro,1750,6000,6000,10500
girasol,2010,2010/2011,Chaco,General Belgrano,2000,11000,11000,22000
girasol,2010,2010/2011,Chaco,General Donovan,1900,1500,1500,2850
girasol,2010,2010/2011,Chaco,General Güemes,1600,3500,3500,5600
girasol,2010,2010/2011,Chaco,Independencia,2300,12000,12000,27600
girasol,2010,2010/2011,Chaco,Libertad,1900,2000,2000,3800
girasol,2010,2010/2011,Chaco,Libertador General San Martin,1600,9000,9000,14400
girasol,2010,2010/2011,Chaco,Maipu,1900,10000,9600,18240
girasol,2010,2010/2011,Chaco,Mayor Luis J. Fontana,1900,15000,15000,28500
girasol,2010,2010/2011,Chaco,O'Higgins,2200,9000,8500,18700
girasol,2010,2010/2011,Chaco,Presidencia de la Plaza,1900,2500,2500,4750
girasol,2010,2010/2011,Chaco,Quitilipi,1900,4000,4000,7600
girasol,2010,2010/2011,Chaco,San Fernando,1800,3000,3000,5400
girasol,2010,2010/2011,Chaco,San Lorenzo,1800,4500,4500,8100
girasol,2010,2010/2011,Chaco,Sargento Cabral,1800,3500,3500,6300
girasol,2011,2011/2012,Chaco,1 de Mayo,1600,1100,1000,1600
girasol,2011,2011/2012,Chaco,12 de Octubre,2000,17000,15900,31800
girasol,2011,2011/2012,Chaco,2 de Abril,2000,6000,4800,9600
girasol,2011,2011/2012,Chaco,25 de Mayo,1500,1200,700,1050
girasol,2011,2011/2012,Chaco,9 de Julio,2200,7500,6350,13970
girasol,2011,2011/2012,Chaco,Almirante Brown,2300,48000,46500,106950
girasol,2011,2011/2012,Chaco,Bermejo,1702,2200,2150,3660
girasol,2011,2011/2012,Chaco,Chacabuco,2300,17000,16100,37030
girasol,2011,2011/2012,Chaco,Comandante Fernandez,1600,22000,19700,31520
girasol,2011,2011/2012,Chaco,Fray Justo Santa Maria de Oro,1600,5000,4750,7600
girasol,2011,2011/2012,Chaco,General Belgrano,1750,18000,15800,27650
girasol,2011,2011/2012,Chaco,General Donovan,1800,1200,1150,2070
girasol,2011,2011/2012,Chaco,General Güemes,1702,2700,2450,4170
girasol,2011,2011/2012,Chaco,Independencia,1700,17000,15500,26350
girasol,2011,2011/2012,Chaco,Libertad,1601,1500,1430,2290
girasol,2011,2011/2012,Chaco,Libertador General San Martin,1500,9000,8600,12900
girasol,2011,2011/2012,Chaco,Maipu,1550,21000,20300,31470
girasol,2011,2011/2012,Chaco,Mayor Luis J. Fontana,1500,8000,7800,11700
girasol,2011,2011/2012,Chaco,O'Higgins,1700,21000,20500,34850
girasol,2011,2011/2012,Chaco,Presidencia de la Plaza,1320,300,250,330
girasol,2011,2011/2012,Chaco,Quitilipi,1500,7000,6500,9750
girasol,2011,2011/2012,Chaco,San Fernando,1601,2300,2180,3490
girasol,2011,2011/2012,Chaco,San Lorenzo,1400,2000,1750,2450
girasol,2011,2011/2012,Chaco,Sargento Cabral,2000,200,100,200
girasol,2012,2012/2013,Chaco,1 de Mayo,1100,5500,5500,6050
girasol,2012,2012/2013,Chaco,12 de Octubre,1650,41000,41000,67650
girasol,2012,2012/2013,Chaco,2 de Abril,1650,17000,17000,28050
girasol,2012,2012/2013,Chaco,25 de Mayo,1550,1000,1000,1550
girasol,2012,2012/2013,Chaco,9 de Julio,1600,29000,29000,46400
girasol,2012,2012/2013,Chaco,Almirante Brown,1300,64000,59000,76700
girasol,2012,2012/2013,Chaco,Bermejo,1500,500,400,600
girasol,2012,2012/2013,Chaco,Chacabuco,1700,36000,34900,59330
girasol,2012,2012/2013,Chaco,Comandante Fernandez,1400,31000,29800,41720
girasol,2012,2012/2013,Chaco,Fray Justo Santa Maria de Oro,1600,9000,9000,14400
girasol,2012,2012/2013,Chaco,General Belgrano,1550,20000,20000,31000
girasol,2012,2012/2013,Chaco,General Donovan,1400,500,500,700
girasol,2012,2012/2013,Chaco,General Güemes,1200,4000,3700,4440
girasol,2012,2012/2013,Chaco,Independencia,1450,31000,29000,42050
girasol,2012,2012/2013,Chaco,Libertador General San Martin,1600,1000,1000,1600
girasol,2012,2012/2013,Chaco,Maipu,1100,30000,28000,30800
girasol,2012,2012/2013,Chaco,Mayor Luis J. Fontana,1500,20000,20000,30000
girasol,2012,2012/2013,Chaco,O'Higgins,1750,36000,34000,59500
girasol,2012,2012/2013,Chaco,Presidencia de la Plaza,1400,300,300,420
girasol,2012,2012/2013,Chaco,Quitilipi,1500,2000,2000,3000
girasol,2012,2012/2013,Chaco,San Fernando,1400,1700,1700,2380
girasol,2012,2012/2013,Chaco,San Lorenzo,1700,300,300,510
girasol,2012,2012/2013,Chaco,Sargento Cabral,1700,300,300,510
girasol,2013,2013/2014,Chaco,12 de Octubre,1050,10500,10500,11030
girasol,2013,2013/2014,Chaco,2 de Abril,900,7600,7200,6480
girasol,2013,2013/2014,Chaco,25 de Mayo,1400,350,350,490
girasol,2013,2013/2014,Chaco,9 de Julio,1000,11800,11500,11500
girasol,2013,2013/2014,Chaco,Almirante Brown,1100,13400,12900,14190
girasol,2013,2013/2014,Chaco,Chacabuco,1100,12400,12100,13310
girasol,2013,2013/2014,Chaco,Comandante Fernandez,1100,13000,13000,14300
girasol,2013,2013/2014,Chaco,Fray Justo Santa Maria de Oro,800,8600,8250,6600
girasol,2013,2013/2014,Chaco,General Belgrano,950,15000,14750,14010
girasol,2013,2013/2014,Chaco,General Güemes,950,2800,2800,2660
girasol,2013,2013/2014,Chaco,Independencia,900,9700,9500,8550
girasol,2013,2013/2014,Chaco,Libertador General San Martin,1404,1000,940,1320
girasol,2013,2013/2014,Chaco,Maipu,1100,16000,15500,17050
girasol,2013,2013/2014,Chaco,Mayor Luis J. Fontana,851,7700,5700,4850
girasol,2013,2013/2014,Chaco,O'Higgins,1150,22000,21750,25010
girasol,2013,2013/2014,Chaco,Presidencia de la Plaza,1333,120,120,160
girasol,2013,2013/2014,Chaco,Quitilipi,1100,1600,1600,1760
girasol,2013,2013/2014,Chaco,San Fernando,1400,2800,2800,3920
girasol,2013,2013/2014,Chaco,San Lorenzo,1000,500,500,500
girasol,2013,2013/2014,Chaco,Sargento Cabral,2000,110,110,220
girasol,2014,2014/2015,Chaco,12 de Octubre,2000,12000,11500,23000
girasol,2014,2014/2015,Chaco,2 de Abril,1900,7000,6700,12730
girasol,2014,2014/2015,Chaco,25 de Mayo,1600,300,300,480
girasol,2014,2014/2015,Chaco,9 de Julio,1700,11000,10600,18020
girasol,2014,2014/2015,Chaco,Almirante Brown,1700,8500,8400,14280
girasol,2014,2014/2015,Chaco,Chacabuco,2100,14000,13400,28140
girasol,2014,2014/2015,Chaco,Comandante Fernandez,1750,10000,9700,16975
girasol,2014,2014/2015,Chaco,Fray Justo Santa Maria de Oro,2100,9500,9200,19320
girasol,2014,2014/2015,Chaco,General Belgrano,2000,4800,4600,9200
girasol,2014,2014/2015,Chaco,General Güemes,1699,1900,1830,3110
girasol,2014,2014/2015,Chaco,Independencia,1700,15000,14700,24990
girasol,2014,2014/2015,Chaco,Libertador General San Martin,1557,720,700,1090
girasol,2014,2014/2015,Chaco,Maipu,1800,15000,14800,26640
girasol,2014,2014/2015,Chaco,Mayor Luis J. Fontana,1800,7700,7500,13500
girasol,2014,2014/2015,Chaco,O'Higgins,1800,30000,29400,52920
girasol,2014,2014/2015,Chaco,Presidencia de la Plaza,1467,150,150,220
girasol,2014,2014/2015,Chaco,Quitilipi,1649,3500,3420,5640
girasol,2014,2014/2015,Chaco,San Fernando,1400,500,450,630
girasol,2014,2014/2015,Chaco,San Lorenzo,1296,855,795,1030
girasol,2014,2014/2015,Chaco,Sargento Cabral,2100,300,300,630
girasol,2015,2015/2016,Chaco,12 de Octubre,1650,25500,24500,40425
girasol,2015,2015/2016,Chaco,2 de Abril,1600,15500,14950,23920
girasol,2015,2015/2016,Chaco,25 de Mayo,1497,980,965,1445
girasol,2015,2015/2016,Chaco,9 de Julio,1710,24000,23250,39760
girasol,2015,2015/2016,Chaco,Almirante Brown,1899,36900,36500,69323
girasol,2015,2015/2016,Chaco,Chacabuco,1700,30000,29250,49725
girasol,2015,2015/2016,Chaco,Comandante Fernandez,1750,27450,27050,47327
girasol,2015,2015/2016,Chaco,Fray Justo Santa Maria de Oro,1600,18500,17950,28720
girasol,2015,2015/2016,Chaco,General Belgrano,1821,10500,10200,18570
girasol,2015,2015/2016,Chaco,General Güemes,1650,6362,6282,10365
girasol,2015,2015/2016,Chaco,Independencia,1850,43310,42610,78829
girasol,2015,2015/2016,Chaco,Libertador General San Martin,1702,295,295,502
girasol,2015,2015/2016,Chaco,Maipu,1450,13940,13690,19848
girasol,2015,2015/2016,Chaco,Mayor Luis J. Fontana,1510,15000,14500,21900
girasol,2015,2015/2016,Chaco,O'Higgins,1520,27000,26400,40128
girasol,2015,2015/2016,Chaco,Quitilipi,1651,5450,5450,8999
girasol,2015,2015/2016,Chaco,San Fernando,1200,1100,1000,1200
girasol,2015,2015/2016,Chaco,San Lorenzo,1403,2300,2210,3100
girasol,2016,2016/2017,Chaco,12 de Octubre,1600,50400,48100,76960
girasol,2016,2016/2017,Chaco,2 de Abril,1400,30000,28200,39480
girasol,2016,2016/2017,Chaco,25 de Mayo,1250,500,500,625
girasol,2016,2016/2017,Chaco,9 de Julio,1800,44080,44080,79344
girasol,2016,2016/2017,Chaco,Almirante Brown,1450,50000,50000,72500
girasol,2016,2016/2017,Chaco,Chacabuco,1600,50400,48800,78080
girasol,2016,2016/2017,Chaco,Comandante Fernandez,1300,35000,34500,44850
girasol,2016,2016/2017,Chaco,Fray Justo Santa Maria de Oro,1500,33440,31690,47535
girasol,2016,2016/2017,Chaco,General Belgrano,1500,19000,19000,28500
girasol,2016,2016/2017,Chaco,General Güemes,1300,12000,11700,15210
girasol,2016,2016/2017,Chaco,Independencia,1250,45000,45000,56250
girasol,2016,2016/2017,Chaco,Libertador General San Martin,1300,500,500,650
girasol,2016,2016/2017,Chaco,Maipu,1300,30000,29400,38220
girasol,2016,2016/2017,Chaco,Mayor Luis J. Fontana,1500,27360,25460,38190
girasol,2016,2016/2017,Chaco,O'Higgins,1600,49400,46600,74560
girasol,2016,2016/2017,Chaco,Quitilipi,1400,8000,8000,11200
girasol,2016,2016/2017,Chaco,San Fernando,1300,1980,1605,2087
girasol,2016,2016/2017,Chaco,San Lorenzo,1400,4140,3990,5586
girasol,2016,2016/2017,Chaco,Sargento Cabral,2000,600,600,1200
girasol,2017,2017/2018,Chaco,12 de Octubre,1700,32952,32202,54743
girasol,2017,2017/2018,Chaco,2 de Abril,1800,42705,41655,74979
girasol,2017,2017/2018,Chaco,25 de Mayo,1600,115,115,184
girasol,2017,2017/2018,Chaco,9 de Julio,1700,26097,25447,43260
girasol,2017,2017/2018,Chaco,Almirante Brown,1850,49759,49759,92054
girasol,2017,2017/2018,Chaco,Chacabuco,1800,31059,30359,54646
girasol,2017,2017/2018,Chaco,Comandante Fernandez,1600,33100,33100,52960
girasol,2017,2017/2018,Chaco,Fray Justo Santa Maria de Oro,1700,17281,16881,28698
girasol,2017,2017/2018,Chaco,General Belgrano,1800,17583,17133,30839
girasol,2017,2017/2018,Chaco,General Güemes,1700,6848,6848,11642
girasol,2017,2017/2018,Chaco,Independencia,1600,49785,49785,79656
girasol,2017,2017/2018,Chaco,Libertador General San Martin,1500,900,900,1350
girasol,2017,2017/2018,Chaco,Maipu,1650,22694,22694,37445
girasol,2017,2017/2018,Chaco,Mayor Luis J. Fontana,1700,31416,30666,52132
girasol,2017,2017/2018,Chaco,O'Higgins,1600,33626,32776,52442
girasol,2017,2017/2018,Chaco,Quitilipi,1800,8189,8189,14740
girasol,2017,2017/2018,Chaco,San Fernando,1500,3117,3037,4556
girasol,2017,2017/2018,Chaco,San Lorenzo,1500,1322,1302,1953
girasol,2017,2017/2018,Chaco,Sargento Cabral,2200,300,150,330
girasol,2018,2018/2019,Chaco,12 de Octubre,1700,36996,35808,60874
girasol,2018,2018/2019,Chaco,2 de Abril,1400,47946,43988,61583
girasol,2018,2018/2019,Chaco,25 de Mayo,1500,300,290,435
girasol,2018,2018/2019,Chaco,9 de Julio,1800,29298,28760,51768
girasol,2018,2018/2019,Chaco,Almirante Brown,1750,51938,51338,89842
girasol,2018,2018/2019,Chaco,Chacabuco,1900,34870,34230,65037
girasol,2018,2018/2019,Chaco,Comandante Fernandez,1600,29348,28548,45677
girasol,2018,2018/2019,Chaco,Fray Justo Santa Maria de Oro,1440,19182,14344,20655
girasol,2018,2018/2019,Chaco,General Belgrano,1800,19742,19380,34884
girasol,2018,2018/2019,Chaco,General Güemes,1700,9743,9443,16053
girasol,2018,2018/2019,Chaco,Independencia,1650,48971,48471,79977
girasol,2018,2018/2019,Chaco,Libertador General San Martin,1500,300,300,450
girasol,2018,2018/2019,Chaco,Maipu,1600,23209,22509,36014
girasol,2018,2018/2019,Chaco,Mayor Luis J. Fontana,1800,34872,30160,54288
girasol,2018,2018/2019,Chaco,O'Higgins,2000,36989,36317,72634
girasol,2018,2018/2019,Chaco,Quitilipi,1600,5605,5505,8808
girasol,2018,2018/2019,Chaco,San Fernando,1600,3304,3241,5186
girasol,2018,2018/2019,Chaco,San Lorenzo,1200,1441,1411,1693
girasol,2018,2018/2019,Chaco,Sargento Cabral,2000,200,200,400
girasol,2019,2019/2020,Chaco,12 de Octubre,1701,20070,19950,33935
girasol,2019,2019/2020,Chaco,2 de Abril,1662,26010,25760,42813
girasol,2019,2019/2020,Chaco,9 de Julio,1800,15894,15894,28609
girasol,2019,2019/2020,Chaco,Almirante Brown,2100,40000,39850,83685
girasol,2019,2019/2020,Chaco,Chacabuco,1700,19917,19917,33859
girasol,2019,2019/2020,Chaco,Comandante Fernandez,1850,15000,14800,27380
girasol,2019,2019/2020,Chaco,Fray Justo Santa Maria de Oro,1500,10312,10212,15318
girasol,2019,2019/2020,Chaco,General Belgrano,1700,10710,10620,18054
girasol,2019,2019/2020,Chaco,General Güemes,1900,4900,4820,9158
girasol,2019,2019/2020,Chaco,Independencia,2000,26300,26000,52000
girasol,2019,2019/2020,Chaco,Maipu,1900,15400,15240,28956
girasol,2019,2019/2020,Chaco,Mayor Luis J. Fontana,1700,18917,18867,32074
girasol,2019,2019/2020,Chaco,O'Higgins,1800,20066,19956,35921
girasol,2019,2019/2020,Chaco,Quitilipi,1850,3500,3430,6346
girasol,2019,2019/2020,Chaco,San Fernando,1500,1792,1792,2688
girasol,2019,2019/2020,Chaco,San Lorenzo,1400,753,753,1054
girasol,2019,2019/2020,Chaco,Sargento Cabral,2800,200,200,560
girasol,2020,2020/2021,Chaco,12 de Octubre,1400,6500,6500,9100
girasol,2020,2020/2021,Chaco,2 de Abril,1300,9000,9000,11700
girasol,2020,2020/2021,Chaco,25 de Mayo,900,400,370,333
girasol,2020,2020/2021,Chaco,9 de Julio,1200,4800,4800,5760
girasol,2020,2020/2021,Chaco,Almirante Brown,1500,3586,3486,5229
girasol,2020,2020/2021,Chaco,Chacabuco,1300,7500,7500,9750
girasol,2020,2020/2021,Chaco,Comandante Fernandez,1100,10695,9795,10775
girasol,2020,2020/2021,Chaco,Fray Justo Santa Maria de Oro,900,3800,3800,3420
girasol,2020,2020/2021,Chaco,General Belgrano,1200,5500,5500,6600
girasol,2020,2020/2021,Chaco,General Güemes,1200,1025,985,1182
girasol,2020,2020/2021,Chaco,Independencia,1300,5000,4830,6279
girasol,2020,2020/2021,Chaco,Maipu,1500,19446,16746,25119
girasol,2020,2020/2021,Chaco,Mayor Luis J. Fontana,1200,7000,7000,8400
girasol,2020,2020/2021,Chaco,O'Higgins,1200,11900,11900,14280
girasol,2020,2020/2021,Chaco,Quitilipi,1300,1945,1805,2347
girasol,2020,2020/2021,Chaco,San Lorenzo,1000,500,500,500
girasol,2021,2021/2022,Chaco,12 de Octubre,1700,11500,11290,19193
girasol,2021,2021/2022,Chaco,2 de Abril,1800,29000,28770,51786
girasol,2021,2021/2022,Chaco,25 de Mayo,1700,200,200,340
girasol,2021,2021/2022,Chaco,9 de Julio,1700,9000,8850,15045
girasol,2021,2021/2022,Chaco,Almirante Brown,2300,2200,2200,5060
girasol,2021,2021/2022,Chaco,Chacabuco,1800,22000,21845,39321
girasol,2021,2021/2022,Chaco,Comandante Fernandez,2300,19000,18850,43355
girasol,2021,2021/2022,Chaco,Fray Justo Santa Maria de Oro,1400,8000,7900,11060
girasol,2021,2021/2022,Chaco,General Belgrano,1600,10000,9850,15760
girasol,2021,2021/2022,Chaco,General Güemes,0,600,0,0
girasol,2021,2021/2022,Chaco,Independencia,2000,18000,17500,35000
girasol,2021,2021/2022,Chaco,Maipu,1800,9000,8700,15660
girasol,2021,2021/2022,Chaco,Mayor Luis J. Fontana,1400,25000,24750,34650
girasol,2021,2021/2022,Chaco,O'Higgins,1800,11500,11300,20340
girasol,2021,2021/2022,Chaco,Quitilipi,1400,3000,2950,4130
girasol,2021,2021/2022,Chaco,San Lorenzo,1400,500,495,693
girasol,2022,2022/2023,Chaco,12 de Octubre,1600,7200,6900,11040
girasol,2022,2022/2023,Chaco,2 de Abril,1888,9000,8800,16614
girasol,2022,2022/2023,Chaco,25 de Mayo,900,750,700,630
girasol,2022,2022/2023,Chaco,9 de Julio,1900,7800,7530,14307
girasol,2022,2022/2023,Chaco,Almirante Brown,1500,8000,8000,12000
girasol,2022,2022/2023,Chaco,Chacabuco,1600,16775,15975,25560
girasol,2022,2022/2023,Chaco,Comandante Fernandez,1300,17000,17000,22100
girasol,2022,2022/2023,Chaco,Fray Justo Santa Maria de Oro,1600,11900,11500,18400
girasol,2022,2022/2023,Chaco,General Belgrano,1800,18000,17400,31320
girasol,2022,2022/2023,Chaco,General Güemes,1200,7000,6650,7980
girasol,2022,2022/2023,Chaco,Independencia,1600,37000,35500,56800
girasol,2022,2022/2023,Chaco,Maipu,1700,17000,17000,28900
girasol,2022,2022/2023,Chaco,Mayor Luis J. Fontana,1600,22750,22050,35280
girasol,2022,2022/2023,Chaco,O'Higgins,1979,12600,12200,24141
girasol,2022,2022/2023,Chaco,Quitilipi,1300,900,900,1170
girasol,2022,2022/2023,Chaco,San Lorenzo,1400,350,320,448
girasol,2023,2023/2024,Chaco,12 de Octubre,1500,4500,3600,5400
girasol,2023,2023/2024,Chaco,2 de Abril,1800,8000,7850,14130
girasol,2023,2023/2024,Chaco,25 de Mayo,1000,240,240,240
girasol,2023,2023/2024,Chaco,9 de Julio,1500,7200,7100,10650
girasol,2023,2023/2024,Chaco,Almirante Brown,1400,4600,3400,4760
girasol,2023,2023/2024,Chaco,Chacabuco,1500,16000,15900,23850
girasol,2023,2023/2024,Chaco,Comandante Fernandez,900,12900,11200,10080
girasol,2023,2023/2024,Chaco,Fray Justo Santa Maria de Oro,1500,11000,10800,16200
girasol,2023,2023/2024,Chaco,General Belgrano,1800,14000,13800,24840
girasol,2023,2023/2024,Chaco,General Güemes,1400,5800,5650,7910
girasol,2023,2023/2024,Chaco,Independencia,1550,23000,22700,35185
girasol,2023,2023/2024,Chaco,Libertador General San Martin,1300,160,160,208
girasol,2023,2023/2024,Chaco,Maipu,1600,14000,13700,21920
girasol,2023,2023/2024,Chaco,Mayor Luis J. Fontana,1500,12800,11800,17700
girasol,2023,2023/2024,Chaco,O'Higgins,2000,12000,11800,23600
girasol,2023,2023/2024,Chaco,Quitilipi,1200,2300,2220,2664
girasol,2023,2023/2024,Chaco,San Lorenzo,1200,1450,1400,1680
girasol,2023,2023/2024,Chaco,Sargento Cabral,1700,320,320,544
girasol,2024,2024/2025,Chaco,12 de Octubre,2220,500,330,733
girasol,2024,2024/2025,Chaco,2 de Abril,2220,3500,3500,7770
girasol,2024,2024/2025,Chaco,25 de Mayo,1700,350,320,544
girasol,2024,2024/2025,Chaco,9 de Julio,2100,8000,7935,16664
girasol,2024,2024/2025,Chaco,Almirante Brown,2200,14000,14000,30800
girasol,2024,2024/2025,Chaco,Chacabuco,2210,15000,15000,33150
girasol,2024,2024/2025,Chaco,Comandante Fernandez,2200,18000,18000,39600
girasol,2024,2024/2025,Chaco,Fray Justo Santa Maria de Oro,1830,4800,4600,8418
girasol,2024,2024/2025,Chaco,General Belgrano,2200,13000,12885,28347
girasol,2024,2024/2025,Chaco,General Güemes,1900,2000,2000,3800
girasol,2024,2024/2025,Chaco,Independencia,2200,17000,16700,36740
girasol,2024,2024/2025,Chaco,Maipu,2400,32000,31800,76320
girasol,2024,2024/2025,Chaco,Mayor Luis J. Fontana,1900,4900,4900,9310
girasol,2024,2024/2025,Chaco,O'Higgins,1510,12000,11950,18045
girasol,2024,2024/2025,Chaco,Quitilipi,2100,2800,2800,5880
girasol,2024,2024/2025,Chaco,San Lorenzo,1520,300,300,456
